split,# Images,Mean # Cells,Std Dev,Min,25%,Median,75%,Max
Train,2418.0,143.85442514474772,317.1083553665801,0.0,4.0,38.0,120.0,2546.0
Validation,605.0,137.98512396694215,313.63537289236143,0.0,4.0,35.0,113.0,2408.0
Test,303.0,136.88118811881188,297.0002325838735,0.0,2.5,35.0,118.5,2408.0
